{"expected_state":{"distance":33.80156051454138,"suitability":0.22544994830876292,"azimuth":-2.363259511873112,"elevation":0.500388559365672},"state":{"distance":36.36502080550251,"suitability":0.9642391233933414,"azimuth":-2.356194490192345,"elevation":0.6796577983194849},"nearest_obstacle_distances":[15.003972408364506,19.109704274667294,14.831053314037167,18.907585603041095,14.662671139240787,18.712682031113005,14.498679867855927,18.524837601230956,14.338956216143965,18.343926387037115,14.183393549554042,18.169843940409386,14.03190214132198,18.0025164328584,13.884413549251798,17.841897226189957,13.740875578453814,17.687967029450544,13.601255838001013,17.540732514323732,13.465540277426507,17.400228093522607,13.333734450511152,17.266517949028472,13.205864405484373,17.139691435073274,13.0819773116831,17.019876370833547,12.962143754869501,16.907222629794756,12.846454554277967,16.801918433345353],"voxel_count":32,"drone_position":[0.0,0.0,-7.143606185913086],"target_position":[-20.0,-20.0,-30.0],"obstacle_density":0.0,"beliefs":{"elevation_belief":[0.0065536,0.0065536,0.0065536,0.0065536,0.0065536,0.0065536,0.0065536,0.0065536,0.006553600000000001,0.006553600000000018,0.006553600000000243,0.0065536000000030814,0.006553600000035203,0.006553600000363423,0.006553600003389978,0.006553600028576304,0.006553600217729608,0.006553601499734597,0.006553609340880435,0.006553652618277167,0.006553868143686874,0.00655483650202857,0.00655876106436533,0.0065731041664183094,0.00662035591308288,0.006760594547707713,0.007135257090091901,0.008035240532809613,0.00997582420685782,0.013722883601187829,0.020178801947458695,0.030049448278493707,0.043322561424840624,0.05877545875613106,0.07386967657050639,0.08530732110436817,0.09016691776391991,0.08710545082646816,0.0769571332238557,0.06236692075627294,0.046676943711260244,0.03270246678692811,0.02199826763619097,0.014818616827165933,0.010559655986702193,0.008311801408898097,0.00725210981436663,0.006804735399045584,0.006635288441443986,0.006577633858456011],"azimuth_belief":[0.0066306383086812415,0.00733144549962193,0.011760244000678655,0.02965830150775565,0.07452414892641823,0.1391156249334657,0.17794752276490194,0.15346302035501166,0.09003347857979799,0.03800151879373168,0.014407401980331004,0.007853907064248697,0.006696321642118746,0.006563985123918217,0.006554100969711376,0.006553616020984214,0.00655360033966035,0.006553600004773958,0.006553600000044482,0.0065536000000002755,0.0065536000000000014,0.0065536000000000014,0.0065536000000000014,0.0065536000000000014,0.0065536000000000014,0.0065536000000000014,0.0065536000000000014,0.0065536000000000014,0.0065536000000000014,0.0065536000000000014,0.0065536000000000014,0.0065536000000000014,0.0065536000000000014,0.0065536000000000014,0.0065536000000000014,0.0065536000000000014,0.0065536000000000014,0.0065536000000000014,0.0065536000000000014,0.0065536000000000014,0.0065536000000000014,0.0065536000000000014,0.006553600000000072,0.006553600000012962,0.006553600001541497,0.006553600121545727,0.006553606353522192,0.006553820174664603,0.006558658224175883,0.0066306383086812415],"density_belief":[0.10778771796784917,0.10570135157587165,0.09969671753917511,0.09048618579495733,0.07910108636634645,0.06670227562322911,0.05438815106211071,0.04304321395216219,0.0332534467300791,0.025293195022651913,0.01916965481825914,0.014700621583094266,0.01160005145185846,0.009551970287797718,0.008262420183202229,0.007487755978316869,0.007043440131897836,0.006799977623905102,0.0066724666696312464,0.006608608634023309,0.006578018195114611,0.006563997003542307,0.006557846339929315,0.006555263540031986,0.006554225120424019,0.006553825323274443,0.006553677904106795,0.00655362583607785,0.00655360821873069,0.006553602507811261,0.006553600734001387,0.006553600206068136,0.006553600055492815,0.006553600014334237,0.006553600003551603,0.006553600000844086,0.0065536000001924265,0.006553600000042078,0.006553600000008823,0.0065536000000017735,0.006553600000000344,0.006553600000000064,0.006553600000000012,0.006553600000000001,0.0065536,0.0065536,0.0065536,0.0065536,0.0065536,0.0065536],"suitability_range":[0.0,0.02040816326530612,0.04081632653061224,0.061224489795918366,0.08163265306122448,0.10204081632653061,0.12244897959183673,0.14285714285714285,0.16326530612244897,0.1836734693877551,0.20408163265306123,0.22448979591836735,0.24489795918367346,0.2653061224489796,0.2857142857142857,0.30612244897959184,0.32653061224489793,0.3469387755102041,0.3673469387755102,0.3877551020408163,0.40816326530612246,0.42857142857142855,0.4489795918367347,0.46938775510204084,0.4897959183673469,0.5102040816326531,0.5306122448979592,0.5510204081632653,0.5714285714285714,0.5918367346938775,0.6122448979591837,0.6326530612244898,0.6530612244897959,0.673469387755102,0.6938775510204082,0.7142857142857143,0.7346938775510204,0.7551020408163265,0.7755102040816326,0.7959183673469388,0.8163265306122449,0.8367346938775511,0.8571428571428571,0.8775510204081632,0.8979591836734694,0.9183673469387755,0.9387755102040817,0.9591836734693877,0.9795918367346939,1.0],"distance_belief":[0.006987132168222867,0.006972849119352159,0.006958589292643709,0.006944352659931851,0.00693013919307357,0.006915948863948517,0.006901781644458974,0.00688763750652987,0.006873516422108755,0.006859418363165793,0.00684534330169377,0.006831291209708057,0.006817262059246622,0.0068032558223700065,0.006789272471161338,0.006775311977726285,0.006761374314193101,0.00674745945271256,0.006733567365457977,0.00671969802462519,0.006705851402432567,0.006692027471120977,0.006678226202953781,0.0066644475702168455,0.006650691545218509,0.0066369581002895806,0.006623247207783341,0.00660955884007551,0.006595892969564267,0.00658224956867023,0.006568628609836422,0.0065550300655283,0.006541453908233737,0.0065279001104629865,0.006514368644748701,0.006590260695060496,0.20609779677959486,0.16105786506468214,0.01123000404900238,0.3149374981152483,0.006581284281514712,0.0064202713797704754,0.0064069175843673035,0.0063935858748205504,0.006380276223886274,0.006366988604342822,0.006353722988990828,0.006340479350653192,0.006327257662175081,0.006314057896423916],"suitability_belief":[0.006553599999999998,0.006553599999999998,0.006553599999999998,0.006553599999999998,0.006553599999999998,0.006553600000000004,0.006553600000000033,0.006553600000000181,0.006553600000000945,0.006553600000004753,0.006553600000022899,0.006553600000105806,0.006553600000468945,0.006553600001993619,0.0065536000081296815,0.006553600031799219,0.006553600119308459,0.006553600429376158,0.00655360148223323,0.006553604908028755,0.006553615588688709,0.0065536474923876716,0.006553738787501312,0.0065539890349713675,0.006554646017287676,0.006556297745736246,0.006560273829398127,0.006569436569819213,0.006589646165488995,0.006632298953603308,0.006718412738998405,0.006884673583185991,0.007191525870219488,0.007732638084365145,0.008643845926149243,0.010108102885078723,0.01235152094920804,0.01562506943676739,0.02016788779316079,0.026152159215981484,0.03361593696082972,0.042397757945172844,0.05209259067725859,0.06204943015873258,0.07142439753882208,0.07928970743270532,0.08478170445792264,0.08725619352236832,0.08641264453787308,0.08235420311884471],