{"policy":[[1.7822271448822557e-16,0.0,-2.910597808483412],[8.911135724411281e-17,1.5434539827822427e-16,-2.910597808483412]],"action":[1.7822271448822557e-16,0.0,-2.910597808483412],"expected_free_energy":-6.189801715246879,"next_waypoint":[1.7822271448822557e-16,0.0,-7.234606273296644],"waypoint":[1.7822271448822557e-16,0.0,-7.234606273296644]}