{"drone_position": [0.0, 0.0, 0.0], "target_position": [20.0, 20.0, 0.0], "obstacle_positions": [[5.014194135783833, 9.841632173070076, 0.765347007468677], [11.177430983754395, 5.837487416701821, 0.6516111654236472], [8.68629517330195, 11.129995570370713, -0.11237787619234885], [9.276509316362024, 5.622788050819677, 0.6223972834446219], [9.503016099056083, 10.654775495440878, -1.9261503842931518], [9.412365780822213, 7.467771001900547, -1.9517583645620267], [6.4317113715248775, 8.670432140039237, -1.6051014774452064], [12.365509521252058, 7.325654566616979, 1.1509120178527015], [8.720212523935942, 14.144982280580257, -1.6913250046087782], [14.583795893815823, 5.201657714996656, -0.9052607819825469], [7.553289976002028, 13.098022506360532, -1.3272634374290488], [9.202149350827336, 7.564365437171511, 1.7514425716007964], [9.814410831179554, 7.633686383930537, -0.7788950109687383], [10.831817637698647, 11.01113049982483, -0.7795794722329372], [12.062966027742526, 7.222450025393795, 0.17562068592076008], [13.322096857732276, 9.415844574805597, -0.5251752695533831], [5.838583505555577, 10.645370369737025, -0.43954027887745095], [7.157148376941061, 6.679979981377759, 1.569705542313896], [5.511694097126503, 11.224605074957024, 0.6571664487916768], [14.306154909600668, 13.26159664113858, 0.9348865305042979], [12.082552665115724, 7.740057141178678, -0.3485491040103841], [10.727016342746827, 14.937272369756618, -0.5718642667805169], [8.979376738333553, 10.934795163918718, -1.1734233999253467], [13.392872033423144, 9.263191368318704, -0.2673930483148723], [8.847302670257333, 10.179826239865006, -0.41653808665969816], [8.152860246204426, 12.797023276816073, -0.676008179175009], [10.671664739726307, 8.27151611956018, -0.8409136270484701], [12.12863459398082, 11.11958317513777, 1.3525227478847586], [10.452442435011069, 9.828945914306084, 1.8875949927317404], [5.972254174253381, 6.050494495376282, 1.4446079396335687]], "obstacle_density": 0.3, "direct_path_clear": false}