{"drone_position": [0.0, 0.0, -1.4902235269546509], "target_position": [-20.0, -20.0, -30.0], "obstacle_positions": [[5.887075424194336, 4.887673377990723, -3.7054953575134277], [5.419921875, 4.499825954437256, -3.491191864013672], [-14.42670726776123, 12.734807014465332, -3.304816722869873], [-14.423811912536621, 12.73225212097168, -2.857029438018799], [5.564788818359375, -18.532318115234375, -2.4051918983459473], [-16.30204200744629, 8.418538093566895, -2.4402058124542236], [5.490999698638916, -18.28658676147461, -1.9688478708267212], [14.724663734436035, -8.818170547485352, -2.0812575817108154], [14.83081340789795, 7.098522663116455, -2.1232564449310303], [-11.084481239318848, 16.163665771484375, -1.9393751621246338], [-13.244202613830566, 11.690983772277832, -2.0519723892211914], [-15.264422416687012, 7.882702827453613, -2.0803134441375732], [-15.80205249786377, -8.82469367980957, -2.0267436504364014], [-7.375479698181152, -11.545135498046875, -2.282970905303955], [8.218172073364258, -13.765856742858887, -1.772188663482666], [8.806015968322754, -8.818177223205566, -2.0636212825775146], [14.724664688110352, -8.818170547485352, -1.6798800230026245], [13.735435485839844, 6.574237823486328, -1.8378748893737793], [8.179697036743164, 11.18600845336914, -1.9497112035751343], [-9.76630687713623, 14.241466522216797, -1.6712875366210938], [-11.804899215698242, 10.420473098754883, -1.7955517768859863], [-14.60970401763916, 7.544597625732422, -1.7387070655822754], [-15.80205249786377, -8.82469367980957, -1.603477954864502], [-9.36302661895752, -8.824699401855469, -2.0306339263916016], [-7.374020099639893, -11.542851448059082, -1.962807059288025], [-7.59501314163208, -15.81203556060791, -1.237213134765625], [-3.5082435607910156, -17.19278907775879, -1.236628532409668], [0.793268620967865, -17.53434944152832, -1.2360808849334717], [4.752180099487305, -15.826095581054688, -1.3441394567489624], [8.218172073364258, -13.765856742858887, -1.395829439163208], [8.806015968322754, -8.818177223205566, -1.7710719108581543], [14.253093719482422, -8.535768508911133, -1.3347458839416504], [16.798585891723633, -5.069487571716309, -1.2366515398025513], [17.527812957763672, -0.8172117471694946, -1.2366515398025513], [16.71176528930664, 3.3860673904418945, -1.2887310981750488], [14.070815086364746, 6.734762191772461, -1.4413264989852905], [8.646406173706055, 7.178577423095703, -1.899741768836975], [8.01959228515625, 10.967061042785645, -1.6529126167297363], [6.1733551025390625, 15.23935604095459, -1.352747917175293], [2.421330690383911, 17.38467025756836, -1.2360602617263794], [-1.8933485746383667, 17.444976806640625, -1.236592173576355], [-6.0913896560668945, 16.45161247253418, -1.237045168876648], [-8.724796295166016, 12.722710609436035, -1.4594670534133911], [-10.368821144104004, 9.152825355529785, -1.6272568702697754], [-14.031394004821777, 7.245954990386963, -1.421119213104248], [-16.17534065246582, 3.7905750274658203, -1.3347458839416504], [-17.54452133178711, -0.28617799282073975, -1.2366515398025513], [-16.944366455078125, -4.558574199676514, -1.2366515398025513], [-14.504988670349121, -8.100339889526367, -1.3347458839416504], [-9.363025665283203, -8.824699401855469, -1.7285983562469482], [-7.374020099639893, -11.542855262756348, -1.6412651538848877], [-6.202798366546631, -12.913589477539062, -1.2372204065322876], [-2.8649957180023193, -14.040428161621094, -1.236742615699768], [0.6477832198143005, -14.31857967376709, -1.2362957000732422], [4.122952938079834, -13.73060131072998, -1.2359061241149902], [6.883352279663086, -11.529966354370117, -1.352747917175293], [8.806015014648438, -8.818177223205566, -1.4770877361297607], [11.64045524597168, -6.971137046813965, -1.3347458839416504], [13.719351768493652, -4.140233516693115, -1.2366515398025513], [14.314908027648926, -0.6674142479896545, -1.2366515398025513], [14.045060157775879, 2.8457515239715576, -1.2366515398025513], [12.238592147827148, 5.857796669006348, -1.3347458839416504], [8.646406173706055, 7.1785759925842285, -1.634636402130127], [7.926300525665283, 10.839482307434082, -1.352747917175293], [5.041759967803955, 12.445934295654297, -1.352747917175293], [1.9776440858840942, 14.199088096618652, -1.2359195947647095], [-1.5464900732040405, 14.24909496307373, -1.236354112625122], [-4.975684642791748, 13.438321113586426, -1.2367241382598877], [-7.880294322967529, 11.491239547729492, -1.2877142429351807], [-9.493287086486816, 8.379968643188477, -1.4512852430343628], [-12.055633544921875, 6.225647926330566, -1.3347458839416504], [-13.952471733093262, 3.269660472869873, -1.2366515398025513], [-14.3285551071167, -0.23372064530849457, -1.2366515398025513], [-13.838407516479492, -3.7229716777801514, -1.2366515398025513], [-11.846173286437988, -6.615521430969238, -1.3347458839416504], [-9.363021850585938, -8.824699401855469, -1.4250816106796265], [-7.2839741706848145, -11.401904106140137, -1.3396718502044678], [-4.946040630340576, -10.297151565551758, -1.3396718502044678], [-2.418827533721924, -11.853910446166992, -1.2368218898773193], [0.5468857884407043, -12.088285446166992, -1.2364444732666016], [3.4806392192840576, -11.591511726379395, -1.23611581325531], [5.811654090881348, -9.73481559753418, -1.352748155593872], [8.071979522705078, -8.08312702178955, -1.339676856994629], [9.828104972839355, -5.885771751403809, -1.3347458839416504], [11.583328247070312, -3.49562406539917, -1.2366515398025513], [12.086162567138672, -0.56350177526474, -1.2366515398025513], [11.858331680297852, 2.4026849269866943, -1.2366515398025513], [10.33311653137207, 4.945774078369141, -1.3347458839416504], [9.339920043945312, 7.754367828369141, -1.2305577993392944], [6.692223072052002, 9.151839256286621, -1.352747917175293], [4.545783042907715, 11.221579551696777, -1.2354228496551514], [1.6698246002197266, 11.989006996154785, -1.235822081565857], [-1.3058258295059204, 12.031675338745117, -1.2361888885498047], [-4.201508522033691, 11.347424507141113, -1.2365014553070068], [-6.460597515106201, 9.421003341674805, -1.3396714925765991], [-8.648845672607422, 7.63455867767334, -1.3224620819091797], [-10.178641319274902, 5.256351470947266, -1.3347458839416504], [-11.780155181884766, 2.760594606399536, -1.2366515398025513], [-12.097681045532227, -0.19733163714408875, -1.2366515398025513], [-11.683853149414062, -3.1433279514312744, -1.2366515398025513], [-10.00179386138916, -5.585525035858154, -1.3347458839416504], [-8.336541175842285, -7.857229232788086, -1.3347458839416504], [-6.149904727935791, -9.626697540283203, -1.3396718502044678], [-4.275595664978027, -8.90135383605957, -1.3396791219711304], [-2.090893268585205, -10.246811866760254, -1.2368799448013306], [0.47272756695747375, -10.449125289916992, -1.23655366897583], [3.008594036102295, -10.019466400146484, -1.2362699508666992], [5.061896800994873, -8.47893238067627, -1.3396767377853394], [6.977839946746826, -6.9874773025512695, -1.339676856994629], [8.9732027053833, -5.373795509338379, -1.2366516590118408], [10.013229370117188, -3.0217983722686768, -1.2366515398025513], [10.447906494140625, -0.48712003231048584, -1.2366515398025513], [10.250956535339355, 2.077005386352539, -1.2366515398025513], [8.932480812072754, 4.275382995605469, -1.3347458839416504], [7.597736358642578, 6.307933330535889, -1.3396718502044678], [5.785105228424072, 7.9113240242004395, -1.352747917175293], [3.9296486377716064, 9.700610160827637, -1.2354053258895874], [1.4435396194458008, 10.364325523376465, -1.2357501983642578], [-1.1288989782333374, 10.401488304138184, -1.236067533493042], [-3.632321357727051, 9.810175895690918, -1.236337661743164], [-5.584875583648682, 8.144001960754395, -1.3396716117858887], [-7.403285503387451, 6.535058975219727, -1.3396718502044678], [-8.79894733428955, 4.543863773345947, -1.3347458839416504], [-10.183377265930176, 2.386401414871216, -1.2366515398025513], [-10.457866668701172, -0.17058376967906952, -1.2366515398025513], [-10.100129127502441, -2.7172558307647705, -1.2366515398025513], 