{"drone_position": [0.0, 0.0, -7.143606185913086], "target_position": [-20.0, -20.0, -30.0], "obstacle_positions": [[-8.404022216796875, 8.225906372070312, -16.461627960205078], [-14.00935173034668, 8.174271583557129, -17.24803924560547], [-8.404022216796875, 8.225907325744629, -16.180557250976562], [-14.00935173034668, 8.174271583557129, -16.860374450683594], [-8.404022216796875, 8.225906372070312, -15.901476860046387], [-14.00935173034668, 8.174271583557129, -16.475448608398438], [-8.404022216796875, 8.225906372070312, -15.62406063079834], [-14.009349822998047, 8.174272537231445, -16.092823028564453], [-8.404022216796875, 8.225906372070312, -15.347999572753906], [-14.009352684020996, 8.174270629882812, -15.712064743041992], [-8.404022216796875, 8.225906372070312, -15.072986602783203], [-14.009352684020996, 8.174270629882812, -15.332751274108887], [-8.404022216796875, 8.225906372070312, -14.79871654510498], [-14.00935173034668, 8.174271583557129, -14.954463958740234], [-8.404022216796875, 8.225906372070312, -14.524892807006836], [-14.00935173034668, 8.174271583557129, -14.576789855957031], [-8.404022216796875, 8.225906372070312, -14.251216888427734], [-14.00935173034668, 8.174271583557129, -14.199321746826172], [-8.404022216796875, 8.225906372070312, -13.97739315032959], [-14.00935173034668, 8.174271583557129, -13.821649551391602], [-8.404022216796875, 8.225906372070312, -13.703124046325684], [-14.009352684020996, 8.174270629882812, -13.443361282348633], [-8.404022216796875, 8.225906372070312, -13.428110122680664], [-14.009352684020996, 8.174270629882812, -13.064048767089844], [-8.404022216796875, 8.225906372070312, -13.15204906463623], [-14.009349822998047, 8.174272537231445, -12.683289527893066], [-8.404022216796875, 8.225906372070312, -12.8746337890625], [-14.00935173034668, 8.174271583557129, -12.300663948059082], [-8.404022216796875, 8.225907325744629, -12.595552444458008], [-14.00935173034668, 8.174271583557129, -11.915739059448242], [-8.404022216796875, 8.225906372070312, -12.314483642578125], [-14.00935173034668, 8.174271583557129, -11.528074264526367]], "obstacle_distances": [15.003972408364506, 19.109704274667294, 14.831053314037167, 18.907585603041095, 14.662671139240787, 18.712682031113005, 14.498679867855927, 18.524837601230956, 14.338956216143965, 18.343926387037115, 14.183393549554042, 18.169843940409386, 14.03190214132198, 18.0025164328584, 13.884413549251798, 17.841897226189957, 13.740875578453814, 17.687967029450544, 13.601255838001013, 17.540732514323732, 13.465540277426507, 17.400228093522607, 13.333734450511152, 17.266517949028472, 13.205864405484373, 17.139691435073274, 13.0819773116831, 17.019876370833547, 12.962143754869501, 16.907222629794756, 12.846454554277967, 16.801918433345353], "waypoint_count": 75, "safety_margin": 1.5, "policy_length": 3, "density_radius": 5.0}